<?xml version="1.0" encoding="UTF-8"?>
<!DOCTYPE mapper
        PUBLIC "-//mybatis.org//DTD Mapper 3.0//EN"
        "http://mybatis.org/dtd/mybatis-3-mapper.dtd">
<mapper namespace="com.sosd.insightnews.dao.mapper.UserMapper">

    <resultMap id="BaseResultMap" type="com.sosd.insightnews.dao.entity.User">
            <id property="id" column="id" />
            <result property="username" column="username" />
            <result property="password" column="password" />
            <result property="email" column="email" />
            <result property="phone" column="phone" />
            <result property="avatar" column="avatar" />
            <result property="createTime" column="create_time" />
            <result property="updateTime" column="update_time" />
            <result property="isDeleted" column="is_deleted" />
    </resultMap>

    <sql id="Base_Column_List">
        id,username,password,
        email,phone,avatar,
        create_time,update_time,is_deleted
    </sql>
</mapper>